{
	"info": {
		"_postman_id": "0a45dba3-73c6-4b0d-90a4-c3b14df7729e",
		"name": "Product",
		"schema": "https://schema.getpostman.com/json/collection/v2.1.0/collection.json",
		"_exporter_id": "20802478"
	},
	"item": [
		{
			"name": "Add-product",
			"request": {
				"method": "POST",
				"header": [],
				"body": {
					"mode": "raw",
					"raw": "{\"productName\":\"delete-product1\",\"shortDescription\":\"delete-shortDescription1\",\"detailedDescription\":\"delete-detailedDescription1\",\r\n\"category\":\"Sculptor\",\"startingPrice\":\"5000\",\"bidEndDate\":\"12/11/2022\",\r\n\"firstName\":\"TestSellerF1\",\"lastName\":\"TestSellerL1\",\"email\":\"newseller@gmail.com\",\"phone\":\"7234567890\",\r\n\"address\":\"lanka, BHU\",\"city\":\"Varanasi\",\"state\":\"UP\",\"pin\":\"343545\"\r\n}",
					"options": {
						"raw": {
							"language": "json"
						}
					}
				},
				"url": {
					"raw": "http://localhost:8082/e-auction/api/v1/seller/add-product",
					"protocol": "http",
					"host": [
						"localhost"
					],
					"port": "8082",
					"path": [
						"e-auction",
						"api",
						"v1",
						"seller",
						"add-product"
					]
				}
			},
			"response": []
		},
		{
			"name": "DeleteProduct",
			"request": {
				"method": "DELETE",
				"header": [],
				"url": {
					"raw": "http://localhost:8083/e-auction/api/v1/seller/delete/800eea6b-060e-462e-ac80-de2cd037e320",
					"protocol": "http",
					"host": [
						"localhost"
					],
					"port": "8083",
					"path": [
						"e-auction",
						"api",
						"v1",
						"seller",
						"delete",
						"800eea6b-060e-462e-ac80-de2cd037e320"
					]
				}
			},
			"response": []
		},
		{
			"name": "DeleteProduct Apigateway",
			"protocolProfileBehavior": {
				"disableBodyPruning": true
			},
			"request": {
				"method": "GET",
				"header": [],
				"body": {
					"mode": "raw",
					"raw": "",
					"options": {
						"raw": {
							"language": "json"
						}
					}
				},
				"url": {
					"raw": "https://8jywrstzp5.execute-api.eu-west-2.amazonaws.com/dev/delete-product?productId=Test123",
					"protocol": "https",
					"host": [
						"8jywrstzp5",
						"execute-api",
						"eu-west-2",
						"amazonaws",
						"com"
					],
					"path": [
						"dev",
						"delete-product"
					],
					"query": [
						{
							"key": "productId",
							"value": "Test123"
						}
					]
				}
			},
			"response": []
		},
		{
			"name": "Get Products",
			"request": {
				"method": "GET",
				"header": [],
				"url": {
					"raw": "http://ec2-18-130-232-42.eu-west-2.compute.amazonaws.com:8082/e-auction/api/v1/seller/products",
					"protocol": "http",
					"host": [
						"ec2-18-130-232-42",
						"eu-west-2",
						"compute",
						"amazonaws",
						"com"
					],
					"port": "8082",
					"path": [
						"e-auction",
						"api",
						"v1",
						"seller",
						"products"
					]
				}
			},
			"response": []
		},
		{
			"name": "GetsBidsForPoduct",
			"request": {
				"method": "GET",
				"header": []
			},
			"response": []
		}
	]
}